Order ID	Order date	Return request date	Return request status	Amazon RMA ID	Seller RMA ID	Label type	Label cost	Currency code	Return carrier	Tracking ID	Label to be paid by	A-to-z claim	Is prime	ASIN	 Merchant SKU	Item Name	Return quantity	Return reason	In policy	Return type	Resolution	Invoice number	Return delivery date	Order Amount	Order quantity	SafeT Action reason	SafeT claim ID	SafeT claim state	SafeT claim creation time	SafeT claim reimbursement amount	Refunded Amount	Category
402-6507851-0919548	18-Jun-2023	21-Jun-2023	Approved	DSNCx8pMRRMA	 	AmazonUnPaidLabel	0.00	 	 	 	Seller	N	N	B084MK46HJ	PRIME-LWWC16176140	Leather World 6 Slot Vegan Leather Men Watch Box Display Case Organizer Glass Women Jewelry Storage Black	1	AMZ-PG-WJ-TOO-SMALL	Y	C-Returns	StandardRefund	IN-2644	 	599.00	1	 	 	 	 	 	 	Watch
405-5539861-7249137	14-Jun-2023	21-Jun-2023	Approved	D340xvpWRRMA	 	AmazonPrePaidLabel	207.00	INR	ATS	513728512279	Seller	N	N	B084MK46HJ	LWWC20216140	Leather World 6 Slot Vegan Leather Men Watch Box Display Case Organizer Glass Women Jewelry Storage Black	1	CR-SWITCHEROO	Y	C-Returns	StandardRefund	IN-2336	 	599.00	1	 	 	 	 	 	 	Watch
171-8759899-2302706	12-Jun-2023	21-Jun-2023	Approved	 	 	AmazonPrePaidLabel	0.00	 	ATS	324534748185	Not Computed	N	N	B0779BZV2M	PRIME-LWWC16176094	Leather World 6 Slots Watch Box Storage Jewelry Organizer Case for Men Women Vegan Leather Blue	1	UND-UNKNOWN	Y	Undelivered	StandardRefund	IN-2156	 	 	 	 	 	 	 	 	 	Watch
408-4403838-3783568	18-Jun-2023	21-Jun-2023	Approved	D142xxplRRMA	 	AmazonPrePaidLabel	69.00	INR	ATS	513728469849	Seller	N	N	B08NXL9F1P	PRIME-LWBP20213012	Fly Fashion Polyester Travel Cross Body Backpack Shoulder Chest Bag Lightweight Men and Women	1	AMZ-PG-APP-TOO-SMALL	Y	C-Returns	StandardRefund	IN-2655	 	584.00	1	 	 	 	 	 	 	Luggage
407-1993910-8790708	10-Jun-2023	21-Jun-2023	Approved	Db4XxgpSRRMA	 	AmazonPrePaidLabel	345.00	INR	ATS	513728456122	Seller	N	N	B07P7Q1SZK	PRIME-LWOB16171120B	Leather World Vegan Leather Briefcase Laptop Office Bag for Men and Women with Padded Protection for 12 inch Laptop Black	1	AMZ-PG-APP-TOO-LARGE	Y	C-Returns	StandardRefund	IN-2001	 	949.00	1	 	 	 	 	 	 	Luggage
407-8832328-3768335	16-Jun-2023	21-Jun-2023	Approved	DyyWxLppRRMA	 	AmazonPrePaidLabel	207.00	INR	ATS	513728409517	Seller	N	N	B07PFV29ZM	PRIME-LWWC16176104B	Leather World 8 Slots PU Leather Men Watch Box Acrylic Display Glass Organizer Case Women Storage Jewelry - Blue	1	CR-QUALITY_UNACCEPTABLE	Y	C-Returns	StandardRefund	IN-2544	 	799.00	1	 	 	 	 	 	 	Home
405-2761392-6628353	14-Jun-2023	20-Jun-2023	Approved	DS3vxMpWRRMA	 	AmazonPrePaidLabel	207.00	INR	ATS	513728142995	Seller	N	N	B07PFV29ZM	PRIME-LWWC16176104B	Leather World 8 Slots PU Leather Men Watch Box Acrylic Display Glass Organizer Case Women Storage Jewelry - Blue	1	CR-DAMAGED_BY_FC	Y	C-Returns	StandardRefund	IN-2424	 	799.00	1	 	 	 	 	 	 	Home
407-9010933-9591568	17-Jun-2023	20-Jun-2023	Approved	DCkxxXpqRRMA	 	AmazonPrePaidLabel	103.50	INR	ATS	513728005481	Seller	N	N	B07PFV29ZM	PRIME-LWWC16176104B	Leather World 8 Slots PU Leather Men Watch Box Acrylic Display Glass Organizer Case Women Storage Jewelry - Blue	1	CR-QUALITY_UNACCEPTABLE	Y	C-Returns	RefundAtFirstScan	IN-2576	 	799.00	1	 	 	 	 	 	799.00	Home
402-8597490-5542703	15-Jun-2023	20-Jun-2023	Approved	D3kHxgpNRRMA	 	AmazonPrePaidLabel	115.00	INR	ATS	5554458591	Seller	N	N	B07MMGBKKR	LWWC16176053C	Leather World 12 Slots PU Leather Men Watch Box Acrylic Display Organizer Case Women Storage Jewellery - Brown	1	CR-QUALITY_UNACCEPTABLE	Y	C-Returns	StandardRefund	IN-2506	 	1299.00	1	 	 	 	 	 	 	Home
408-7128231-8512319	12-Jun-2023	20-Jun-2023	Approved	 	 	AmazonPrePaidLabel	0.00	 	ATS	324534746426	Not Computed	N	N	B0779BZV2M	LWWC16176094	Leather World 6 Slots Watch Box Storage Jewelry Organizer Case for Men Women Vegan Leather Blue	1	UND-UNKNOWN	Y	Rejected	StandardRefund	IN-2179	 	 	 	 	 	 	 	 	 	Watch
407-5790798-0334750	12-Jun-2023	20-Jun-2023	Approved	 	 	AmazonPrePaidLabel	0.00	 	ATS	324534749052	Not Computed	N	N	B07BQ23CM6	PRIME-LWWC16176113	Leather World Blue PU Leather 6 Slots Men Watch Box Organizer Case Holder Storage Box Women-Blue	1	UND-UNKNOWN	Y	Undelivered	StandardRefund	IN-2189	 	 	 	 	 	 	 	 	 	Watch
408-9189210-4070756	11-Jun-2023	20-Jun-2023	Approved	 	 	AmazonPrePaidLabel	0.00	 	ATS	324515806118	Not Computed	N	N	B06X9QGP8N	PRIME-LWWC20216059	Leather World 8 Slots PU Leather Men Watch Box Display Organizer Case Women Storage Jewellery - Black	1	UND-UNKNOWN	Y	Undelivered	StandardRefund	IN-2067	 	 	 	 	 	 	 	 	 	Watch
406-0600494-2938703	13-Jun-2023	19-Jun-2023	Approved	DdDdxbp0RRMA	 	AmazonPrePaidLabel	414.00	INR	ATS	513727214860	Seller	N	N	B07BQ23CM6	PRIME-LWWC16176113	Leather World Blue PU Leather 6 Slots Men Watch Box Organizer Case Holder Storage Box Women-Blue	6	AMZ-PG-WJ-TOO-SMALL	Y	C-Returns	StandardRefund	IN-2261	 	2994.00	6	 	 	 	 	 	 	Watch
403-0620892-8321112	15-Jun-2023	19-Jun-2023	Approved	Ddghx5phRRMA	 	AmazonPrePaidLabel	0.00	 	ATS	513728578305	Seller	N	N	B07P6L66GP	PRIME-LWOB16171121B	Leather World Vegan Leather Briefcase: 14 Inch Dark Brown Laptop Messenger Shoulder Office Bag with Padded Protection for Men and Women	1	CR-DEFECTIVE	Y	C-Returns	Replacement	 	 	899.00	1	 	 	 	 	 	 	Shoes
405-4361599-6445142	16-Jun-2023	19-Jun-2023	Approved	DPgmx1ppRRMA	 	AmazonPrePaidLabel	138.00	INR	ATS	513726999133	Seller	N	N	B07PFV29ZM	PRIME-LWWC16176104B	Leather World 8 Slots PU Leather Men Watch Box Acrylic Display Glass Organizer Case Women Storage Jewelry - Blue	1	CR-QUALITY_UNACCEPTABLE	Y	C-Returns	RefundAtFirstScan	IN-2546	 	799.00	1	 	 	 	 	 	799.00	Home
408-4088095-2180303	05-Jun-2023	19-Jun-2023	Approved	DcMjxkphRRMA	 	AmazonPrePaidLabel	172.50	INR	ATS	513726748847	Seller	N	N	B06X9QGP8N	PRIME-LWWC20216059	Leather World 8 Slots PU Leather Men Watch Box Display Organizer Case Women Storage Jewellery - Black	1	CR-SWITCHEROO	Y	Amazon CS	StandardRefund	IN-1720	 	699.00	1	 	 	 	 	 	 	Watch
404-0943306-6381138	15-Jun-2023	19-Jun-2023	Approved	DyMlxQppRRMA	 	AmazonPrePaidLabel	345.00	INR	ATS	513726716518	Seller	N	N	B0837TDP66	PRIME-LWHK2020102	Leather World Rucksack Water-Resistant Travel Backpack Convertible Duffel Bag for Trekking, Hiking with Laptop Compartmet for Men Women	1	AMZ-PG-APP-TOO-SMALL	Y	C-Returns	StandardRefund	IN-2460	 	899.00	1	 	 	 	 	 	 	Luggage
404-7967223-3331539	12-Jun-2023	19-Jun-2023	Approved	DDMMxppMRRMA	 	AmazonPrePaidLabel	172.50	INR	ATS	513726679271	Seller	N	N	B07PFV29ZM	PRIME-LWWC16176104B	Leather World 8 Slots PU Leather Men Watch Box Acrylic Display Glass Organizer Case Women Storage Jewelry - Blue	1	CR-QUALITY_UNACCEPTABLE	Y	C-Returns	RefundAtFirstScan	IN-2236	 	799.00	1	 	 	 	 	 	799.00	Home
403-7428995-6609122	15-Jun-2023	19-Jun-2023	Approved	DbMqxkpsRRMA	 	AmazonPrePaidLabel	138.00	INR	ATS	513726673149	Seller	N	N	B084MK46HJ	LWWC16176140	Leather World 6 Slot Vegan Leather Men Watch Box Display Case Organizer Glass Women Jewelry Storage Black	1	CR-DEFECTIVE	Y	C-Returns	RefundAtFirstScan	IN-2453	 	599.00	1	 	 	 	 	 	599.00	Watch
406-4724134-1032357	12-Jun-2023	19-Jun-2023	Approved	DMMQxZpVRRMA	 	AmazonPrePaidLabel	172.50	INR	ATS	513726647126	Seller	N	N	B084MK46HJ	LWWC16176140	Leather World 6 Slot Vegan Leather Men Watch Box Display Case Organizer Glass Women Jewelry Storage Black	1	AMZ-PG-WJ-TOO-SMALL	Y	C-Returns	StandardRefund	IN-2188	 	599.00	1	 	 	 	 	 	599.00	Watch
405-7695068-2385926	11-Jun-2023	19-Jun-2023	Approved	DlMqxzp9RRMA	 	AmazonPrePaidLabel	207.00	INR	ATS	513726636243	Seller	N	N	B0779BZV2M	LWWC16176094	Leather World 6 Slots Watch Box Storage Jewelry Organizer Case for Men Women Vegan Leather Blue	1	AMZ-PG-WJ-TOO-LARGE	Y	C-Returns	RefundAtFirstScan	IN-2136	 	599.00	1	 	 	 	 	 	599.00	Watch
171-2925405-0497156	14-Jun-2023	19-Jun-2023	Approved	 	 	AmazonPrePaidLabel	0.00	 	ATS	324590647361	Not Computed	N	N	B0779BZV2M	LWWC16176094	Leather World 6 Slots Watch Box Storage Jewelry Organizer Case for Men Women Vegan Leather Blue	1	UND-UNKNOWN	Y	Rejected	StandardRefund	IN-2372	 	 	 	 	 	 	 	 	 	Watch
171-9511907-6733130	14-Jun-2023	19-Jun-2023	Approved	 	 	AmazonPrePaidLabel	0.00	 	 	 	Seller	N	N	B07PFV29ZM	PRIME-LWWC16176104B	Leather World 8 Slots PU Leather Men Watch Box Acrylic Display Glass Organizer Case Women Storage Jewelry - Blue	1	CR-MISSING_PARTS	Y	C-Returns	Replacement	 	 	799.00	1	 	 	 	 	 	 	Home
404-5588004-3969903	12-Jun-2023	19-Jun-2023	Approved	 	 	AmazonPrePaidLabel	0.00	 	ATS	324553674625	Not Computed	N	N	B07PDXGR22	LWWC16176092	Leather World 8 Slots PU Leather Men Watch Box Acrylic Display Glass Organizer Case Women Storage Jewellery Brown	1	UND-UNKNOWN	Y	Rejected	StandardRefund	IN-2176	 	 	 	 	 	 	 	 	 	Home
402-9875535-5517945	13-Jun-2023	19-Jun-2023	Approved	D92txYpNRRMA	 	AmazonPrePaidLabel	0.00	 	ATS	513728579760	Seller	N	N	B0779BZV2M	PRIME-LWWC16176094	Leather World 6 Slots Watch Box Storage Jewelry Organizer Case for Men Women Vegan Leather Blue	1	CR-DEFECTIVE	Y	C-Returns	Replacement	 	 	599.00	1	 	 	 	 	 	 	Watch
407-2916704-6585963	14-Jun-2023	19-Jun-2023	Approved	 	 	AmazonPrePaidLabel	0.00	 	ATS	324572954968	Not Computed	N	N	B0779BZV2M	PRIME-LWWC16176094	Leather World 6 Slots Watch Box Storage Jewelry Organizer Case for Men Women Vegan Leather Blue	1	UND-UNKNOWN	Y	Rejected	StandardRefund	IN-2337	 	 	 	 	 	 	 	 	 	Watch
408-7758435-2142767	11-Jun-2023	19-Jun-2023	Approved	 	 	AmazonPrePaidLabel	0.00	 	ATS	324515764807	Not Computed	N	N	B084MK46HJ	PRIME-LWWC16176140	Leather World 6 Slot Vegan Leather Men Watch Box Display Case Organizer Glass Women Jewelry Storage Black	1	UND-UNKNOWN	Y	Undelivered	StandardRefund	IN-2066	 	 	 	 	 	 	 	 	 	Watch
407-5262358-5646751	10-Jun-2023	18-Jun-2023	Approved	DSt0xBp1RRMA	 	AmazonPrePaidLabel	172.50	INR	ATS	513726127932	Seller	N	N	B084MK46HJ	PRIME-LWWC16176140	Leather World 6 Slot Vegan Leather Men Watch Box Display Case Organizer Glass Women Jewelry Storage Black	1	AMZ-PG-WJ-TOO-LARGE	Y	C-Returns	RefundAtFirstScan	IN-2020	 	569.05	1	 	 	 	 	 	599.00	Watch
406-8033785-0262745	12-Jun-2023	18-Jun-2023	Approved	 	 	AmazonPrePaidLabel	0.00	 	ATS	324553670351	Not Computed	N	N	B0779BZV2M	PRIME-LWWC16176094	Leather World 6 Slots Watch Box Storage Jewelry Organizer Case for Men Women Vegan Leather Blue	1	UND-UNKNOWN	Y	Rejected	StandardRefund	IN-2244	 	 	 	 	 	 	 	 	 	Watch
408-4292257-7243540	12-Jun-2023	18-Jun-2023	Approved	 	 	AmazonPrePaidLabel	0.00	 	ATS	324534745061	Not Computed	N	N	B07PGZWX1F	PRIME-LWWC20216114	Leather World 8 Slots PU Leather Men Watch Box Display Organizer Case Women Storage Jewellery - Blue	1	UND-UNKNOWN	Y	Rejected	StandardRefund	IN-2163	 	 	 	 	 	 	 	 	 	Watch
407-1288009-5932305	14-Jun-2023	18-Jun-2023	Approved	DPWNxPp9RRMA	 	AmazonPrePaidLabel	276.00	INR	ATS	513725186596	Seller	N	N	B0779BZV2M	PRIME-LWWC16176094	Leather World 6 Slots Watch Box Storage Jewelry Organizer Case for Men Women Vegan Leather Blue	1	AMZ-PG-WJ-TOO-SMALL	Y	C-Returns	RefundAtFirstScan	IN-2383	 	1198.00	2	 	 	 	 	 	599.00	Watch
402-0109976-2328313	13-Jun-2023	18-Jun-2023	Approved	Dg99xVpfRRMA	 	AmazonPrePaidLabel	172.50	INR	ATS	513725112298	Seller	N	N	B084MK46HJ	LWWC16176140	Leather World 6 Slot Vegan Leather Men Watch Box Display Case Organizer Glass Women Jewelry Storage Black	1	AMZ-PG-WJ-TOO-LARGE	Y	C-Returns	RefundAtFirstScan	IN-2287	 	599.00	1	 	 	 	 	 	599.00	Watch
405-7538260-9715520	12-Jun-2023	18-Jun-2023	Approved	 	 	AmazonPrePaidLabel	0.00	 	ATS	324534746884	Not Computed	N	N	B084MK46HJ	LWWC20216140	Leather World 6 Slot Vegan Leather Men Watch Box Display Case Organizer Glass Women Jewelry Storage Black	1	UND-UNKNOWN	Y	Rejected	StandardRefund	IN-2152	 	 	 	 	 	 	 	 	 	Watch
408-3699527-9563562	10-Jun-2023	18-Jun-2023	Approved	DV9bxxpgRRMA	 	AmazonPrePaidLabel	759.00	INR	ATS	513725053430	Seller	N	N	B08NK29KNK	LWDB19204089	Leather World 27 Cm Brown Vegan Leather Weekender Travel Duffle Luggage Bag with Detachable Shoulder Strap Separate Shoe Laundry Compartment for Men & Women	1	CR-DEFECTIVE	Y	C-Returns	StandardRefund	IN-2042	 	 	1	 	 	 	 	 	 	Luggage
407-5579323-2705134	13-Jun-2023	18-Jun-2023	Approved	 	 	AmazonPrePaidLabel	0.00	 	ATS	324553664350	Not Computed	N	N	B07BQ23CM6	PRIME-LWWC16176113	Leather World Blue PU Leather 6 Slots Men Watch Box Organizer Case Holder Storage Box Women-Blue	1	UND-UNKNOWN	Y	Rejected	StandardRefund	IN-2276	 	 	 	 	 	 	 	 	 	Watch
406-9871095-8511540	13-Jun-2023	18-Jun-2023	Approved	Dw95x4p7RRMA	 	AmazonPrePaidLabel	138.00	INR	ATS	513725004982	Seller	N	N	B07PFV29ZM	PRIME-LWWC16176104B	Leather World 8 Slots PU Leather Men Watch Box Acrylic Display Glass Organizer Case Women Storage Jewelry - Blue	1	CR-SWITCHEROO	Y	C-Returns	RefundAtFirstScan	IN-2259	 	799.00	1	 	 	 	 	 	799.00	Home
402-5469715-9961125	10-Jun-2023	17-Jun-2023	Approved	DDQkxGp8RRMA	 	AmazonPrePaidLabel	138.00	INR	ATS	513724931074	Seller	N	N	B084MK46HJ	PRIME-LWWC16176140	Leather World 6 Slot Vegan Leather Men Watch Box Display Case Organizer Glass Women Jewelry Storage Black	1	AMZ-PG-WJ-TOO-LARGE	Y	C-Returns	RefundAtFirstScan	IN-2018	 	569.05	1	 	 	 	 	 	599.00	Watch
402-1280280-4457917	13-Jun-2023	17-Jun-2023	Approved	D1Q6xgpPRRMA	 	AmazonPrePaidLabel	138.00	INR	ATS	513724895567	Seller	N	N	B07BQ23CM6	PRIME-LWWC16176113	Leather World Blue PU Leather 6 Slots Men Watch Box Organizer Case Holder Storage Box Women-Blue	1	CR-UNWANTED_ITEM	Y	C-Returns	RefundAtFirstScan	IN-2282	 	499.00	1	 	 	 	 	 	499.00	Watch
407-2100222-1577950	08-Jun-2023	17-Jun-2023	Approved	Dn6QxNprRRMA	 	AmazonPrePaidLabel	632.50	INR	ATS	513724689142	Seller	N	N	B07SDQSQNX	PRIME-LWDB19204014	Leather World Duffle Luggage Bag 22 cm Nylon Large Weekender Travel with Detachable Shoulder Strap for Men & Women (Blue)	1	AMZ-PG-APP-TOO-LARGE	Y	C-Returns	RefundAtFirstScan	IN-1889	 	898.00	1	 	 	 	 	 	898.00	Luggage
404-5788582-4909932	12-Jun-2023	17-Jun-2023	Approved	DmzJxFp5RRMA	 	AmazonPrePaidLabel	172.50	INR	ATS	513724449814	Seller	N	N	B0779BZV2M	PRIME-LWWC16176094	Leather World 6 Slots Watch Box Storage Jewelry Organizer Case for Men Women Vegan Leather Blue	1	AMZ-PG-WJ-TOO-SMALL	Y	C-Returns	RefundAtFirstScan	IN-2170	 	599.00	1	 	 	 	 	 	599.00	Watch
403-9488003-8600319	09-Jun-2023	17-Jun-2023	Approved	D3TTxpp1RRMA	 	AmazonPrePaidLabel	138.00	INR	ATS	513724148588	Seller	N	N	B084BXXYJW	PRIME-LWOB19201073	Leather World 15.6 inch PU Water Resistant Laptop Bags Sleeve Office Bag Men Women Messenger - Green	1	CR-QUALITY_UNACCEPTABLE	Y	C-Returns	RefundAtFirstScan	IN-1949	 	729.00	1	 	 	 	 	 	729.00	Shoes
403-5055882-8512346	11-Jun-2023	17-Jun-2023	Approved	 	 	AmazonPrePaidLabel	0.00	 	ATS	324534749991	Not Computed	N	N	B084MK46HJ	PRIME-LWWC16176140	Leather World 6 Slot Vegan Leather Men Watch Box Display Case Organizer Glass Women Jewelry Storage Black	1	UND-UNKNOWN	Y	Rejected	StandardRefund	IN-2134	 	 	 	 	 	 	 	 	 	Watch
402-7428005-1146729	08-Jun-2023	17-Jun-2023	Approved	D1TDxzpBRRMA	 	AmazonPrePaidLabel	276.00	INR	ATS	513723983623	Seller	N	N	B09GS4YJQG	LWSB21501	Leather World The Brown Sling Bag Vegan Leather Cross Body Travel Bag for Men and Women	1	CR-QUALITY_UNACCEPTABLE	Y	C-Returns	RefundAtFirstScan	IN-1895	 	569.05	1	 	 	 	 	 	599.00	Shoes
402-3794122-3432323	11-Jun-2023	17-Jun-2023	Approved	 	 	AmazonPrePaidLabel	0.00	 	ATS	324515805968	Not Computed	N	N	B084MK46HJ	LWWC20216140	Leather World 6 Slot Vegan Leather Men Watch Box Display Case Organizer Glass Women Jewelry Storage Black	1	UND-UNKNOWN	Y	Rejected	StandardRefund	IN-2060	 	 	 	 	 	 	 	 	 	Watch
408-2835440-2907555	11-Jun-2023	16-Jun-2023	Approved	 	 	AmazonPrePaidLabel	0.00	 	ATS	324534748970	Not Computed	N	N	B0837TDP66	PRIME-LWHK2020102	Leather World Rucksack Water-Resistant Travel Backpack Convertible Duffel Bag for Trekking, Hiking with Laptop Compartmet for Men Women	1	UND-UNKNOWN	Y	Rejected	StandardRefund	IN-2100	 	 	 	 	 	 	 	 	 	Luggage
408-5161141-1160359	12-Jun-2023	16-Jun-2023	Approved	 	 	AmazonPrePaidLabel	0.00	 	ATS	324534746198	Not Computed	N	N	B084MK46HJ	LWWC20216140	Leather World 6 Slot Vegan Leather Men Watch Box Display Case Organizer Glass Women Jewelry Storage Black	1	UND-UNKNOWN	Y	Rejected	StandardRefund	IN-2197	 	 	 	 	 	 	 	 	 	Watch
402-7932485-4386736	09-Jun-2023	16-Jun-2023	Approved	 	 	AmazonPrePaidLabel	0.00	 	ATS	324481851822	Not Computed	N	N	B07173YBMR	LWWC16176081	Leather World 10 Slots PU Leather Men Watch Box Display Organizer Case Women Storage Jewelry - Coffee Brown	1	UND-UNKNOWN	Y	Rejected	StandardRefund	IN-1965	 	 	 	 	 	 	 	 	 	Watch
171-2659271-4463521	10-Jun-2023	16-Jun-2023	Approved	DG0wxRpxRRMA	 	AmazonPrePaidLabel	138.00	INR	ATS	513723008661	Seller	N	N	B0779BZV2M	PRIME-LWWC16176094	Leather World 6 Slots Watch Box Storage Jewelry Organizer Case for Men Women Vegan Leather Blue	1	AMZ-PG-WJ-TOO-LARGE	Y	C-Returns	RefundAtFirstScan	IN-2016	20-Jun-2023	599.00	1	 	 	 	 	 	599.00	Watch
408-1700027-2222735	10-Jun-2023	16-Jun-2023	Approved	 	 	AmazonPrePaidLabel	0.00	 	ATS	324498237305	Not Computed	N	N	B0779BZV2M	PRIME-LWWC16176094	Leather World 6 Slots Watch Box Storage Jewelry Organizer Case for Men Women Vegan Leather Blue	2	UND-UNKNOWN	Y	Rejected	StandardRefund	IN-1999	 	 	 	 	 	 	 	 	 	Watch
405-8783295-8813939	10-Jun-2023	16-Jun-2023	Approved	 	 	AmazonPrePaidLabel	0.00	 	ATS	324515806286	Not Computed	N	N	B084MK46HJ	LWWC20216140	Leather World 6 Slot Vegan Leather Men Watch Box Display Case Organizer Glass Women Jewelry Storage Black	1	UND-UNKNOWN	Y	Rejected	StandardRefund	IN-2040	19-Jun-2023	 	 	 	 	 	 	 	 	Watch
408-2959477-4721955	11-Jun-2023	15-Jun-2023	Approved	D3sKxgpJRRMA	 	AmazonPrePaidLabel	172.50	INR	ATS	513722688710	Seller	N	N	B084MK46HJ	LWWC16176140	Leather World 6 Slot Vegan Leather Men Watch Box Display Case Organizer Glass Women Jewelry Storage Black	1	AMZ-PG-WJ-TOO-LARGE	Y	C-Returns	RefundAtFirstScan	IN-2078	19-Jun-2023	569.05	1	 	 	 	 	 	599.00	gl_watch
402-5691725-0773146	08-Jun-2023	15-Jun-2023	Approved	 	 	AmazonPrePaidLabel	0.00	 	ATS	324464337329	Not Computed	N	N	B0779BZV2M	PRIME-LWWC16176094	Leather World 6 Slots Watch Box Storage Jewelry Organizer Case for Men Women Vegan Leather Blue	1	UND-UNKNOWN	Y	Rejected	StandardRefund	IN-1881	20-Jun-2023	 	 	 	 	 	 	 	 	gl_watch
408-4086207-0393160	09-Jun-2023	15-Jun-2023	Approved	DGd8xyp9RRMA	 	AmazonPrePaidLabel	552.00	INR	ATS	513722517256	Seller	N	N	B0837WB6BT	LWHK2020103	Leather World Rucksack Water-Resistant Travel Backpack Convertible Duffel Bag for Trekking, Hiking with Laptop Compartmet for Men Women	1	CR-MISSING_PARTS	Y	C-Returns	StandardRefund	IN-1967	 	 	1	 	 	 	 	 	 	gl_luggage
408-8888267-3499502	01-Jun-2023	15-Jun-2023	Approved	DSd5xPpHRRMA	 	AmazonPrePaidLabel	69.00	INR	ATS	513722519700	Seller	N	N	B0837TDP66	PRIME-LWHK2020102	Leather World Rucksack Water-Resistant Travel Backpack Convertible Duffel Bag for Trekking, Hiking with Laptop Compartmet for Men Women	1	CR-UNWANTED_ITEM	Y	Amazon CS	RefundAtFirstScan	IN-1521	 	899.00	1	 	 	 	 	 	899.00	gl_luggage
402-0681557-4262739	04-Jun-2023	15-Jun-2023	Approved	Dyr8xDpKRRMA	 	AmazonPrePaidLabel	207.00	INR	ATS	513722477161	Seller	N	N	B084MKF1S8	PRIME-LWWC16176141	Leather World 10 Slots PU Leather Men Watch Box Display Organizer Case Women Storage Jewellery - Brown	1	CR-DEFECTIVE	Y	C-Returns	RefundAtFirstScan	IN-1692	 	949.00	1	 	 	 	 	 	949.00	gl_watch
404-5915911-6544325	12-Jun-2023	15-Jun-2023	Approved	DMJKxTp5RRMA	 	AmazonPrePaidLabel	103.50	INR	ATS	513722358491	Seller	N	N	B0779BZV2M	PRIME-LWWC16176094	Leather World 6 Slots Watch Box Storage Jewelry Organizer Case for Men Women Vegan Leather Blue	1	CR-UNWANTED_ITEM	Y	C-Returns	StandardRefund	IN-2247	 	599.00	1	 	 	 	 	 	 	gl_watch
171-1002330-8041132	12-Jun-2023	15-Jun-2023	Approved	DXJlxnpyRRMA	 	AmazonPrePaidLabel	103.50	INR	ATS	513722257190	Seller	N	N	B0779BZV2M	LWWC16176094	Leather World 6 Slots Watch Box Storage Jewelry Organizer Case for Men Women Vegan Leather Blue	1	AMZ-PG-WJ-TOO-SMALL	Y	C-Returns	StandardRefund	IN-2225	 	599.00	1	 	 	 	 	 	 	gl_watch
406-0185336-9364326	10-Jun-2023	15-Jun-2023	Approved	DXxrxJpsRRMA	 	AmazonPrePaidLabel	207.00	INR	ATS	513722092463	Seller	N	N	B07PFV29ZM	PRIME-LWWC16176104B	Leather World 8 Slots PU Leather Men Watch Box Acrylic Display Glass Organizer Case Women Storage Jewelry - Blue	1	CR-MISSING_PARTS	Y	C-Returns	RefundAtFirstScan	IN-2031	 	767.04	1	 	 	 	 	 	799.00	gl_home
406-2001289-2453156	06-Jun-2023	15-Jun-2023	Approved	 	 	AmazonPrePaidLabel	0.00	 	ATS	324428353617	Not Computed	N	N	B0779BZV2M	PRIME-LWWC16176094	Leather World 6 Slots Watch Box Storage Jewelry Organizer Case for Men Women Vegan Leather Blue	1	UND-UNKNOWN	Y	Rejected	StandardRefund	IN-1796	 	 	 	 	 	 	 	 	 	gl_watch
405-6430655-6193163	09-Jun-2023	14-Jun-2023	Approved	DSpCxdp0RRMA	 	AmazonPrePaidLabel	138.00	INR	ATS	513721870345	Seller	N	N	B07PFV29ZM	PRIME-LWWC16176104B	Leather World 8 Slots PU Leather Men Watch Box Acrylic Display Glass Organizer Case Women Storage Jewelry - Blue	1	CR-ORDERED_WRONG_ITEM	Y	C-Returns	RefundAtFirstScan	IN-1957	20-Jun-2023	767.04	1	 	 	 	 	 	799.00	gl_home
408-9730924-2029904	10-Jun-2023	14-Jun-2023	Approved	 	 	AmazonPrePaidLabel	0.00	 	ATS	324498236759	Not Computed	N	N	B06X9QGP8N	PRIME-LWWC20216059	Leather World 8 Slots PU Leather Men Watch Box Display Organizer Case Women Storage Jewellery - Black	1	UND-UNKNOWN	Y	Rejected	StandardRefund	IN-2000	19-Jun-2023	 	 	 	 	 	 	 	 	gl_watch
406-1787844-3926735	10-Jun-2023	14-Jun-2023	Approved	D9q1x5prRRMA	 	AmazonPrePaidLabel	172.50	INR	ATS	513721591028	Seller	N	N	B084MK46HJ	LWWC16176140	Leather World 6 Slot Vegan Leather Men Watch Box Display Case Organizer Glass Women Jewelry Storage Black	1	CR-DEFECTIVE	Y	C-Returns	RefundAtFirstScan	IN-2049	20-Jun-2023	569.05	1	 	 	 	 	 	599.00	gl_watch
407-2061212-6085904	10-Jun-2023	14-Jun-2023	Approved	 	 	AmazonPrePaidLabel	0.00	 	ATS	324498217918	Not Computed	N	N	B0779BZV2M	PRIME-LWWC16176094	Leather World 6 Slots Watch Box Storage Jewelry Organizer Case for Men Women Vegan Leather Blue	1	UND-UNKNOWN	Y	Rejected	StandardRefund	IN-2010	19-Jun-2023	 	 	 	 	 	 	 	 	gl_watch
404-9048121-0101119	08-Jun-2023	14-Jun-2023	Approved	D9PrxTpBRRMA	 	AmazonPrePaidLabel	207.00	INR	ATS	513721423565	Seller	N	N	B0779BZV2M	PRIME-LWWC16176094	Leather World 6 Slots Watch Box Storage Jewelry Organizer Case for Men Women Vegan Leather Blue	1	AMZ-PG-WJ-TOO-LARGE	Y	C-Returns	RefundAtFirstScan	IN-1900	20-Jun-2023	584.00	1	 	 	 	 	 	584.00	gl_watch
402-2189616-5881136	07-Jun-2023	14-Jun-2023	Approved	DmKP32pjRRMA	 	AmazonPrePaidLabel	552.00	INR	ATS	513721400368	Seller	N	N	B0837WB6BT	PRIME-LWHK2020103	Leather World Rucksack Water-Resistant Travel Backpack Convertible Duffel Bag for Trekking, Hiking with Laptop Compartmet for Men Women	1	CR-QUALITY_UNACCEPTABLE	Y	C-Returns	RefundAtFirstScan	IN-1860	20-Jun-2023	854.00	1	 	 	 	 	 	854.00	gl_luggage
406-1636698-3425157	06-Jun-2023	14-Jun-2023	Approved	DSKC3PpZRRMA	 	AmazonPrePaidLabel	207.00	INR	ATS	513721391543	Seller	N	N	B0779BZV2M	PRIME-LWWC16176094	Leather World 6 Slots Watch Box Storage Jewelry Organizer Case for Men Women Vegan Leather Blue	1	CR-DEFECTIVE	Y	C-Returns	RefundAtFirstScan	IN-1803	 	584.00	1	 	 	 	 	 	584.00	gl_watch
404-6312529-4921944	08-Jun-2023	14-Jun-2023	Approved	DXXx3BplRRMA	 	AmazonPrePaidLabel	207.00	INR	ATS	513721216556	Seller	N	N	B0779BZV2M	PRIME-LWWC16176094	Leather World 6 Slots Watch Box Storage Jewelry Organizer Case for Men Women Vegan Leather Blue	1	CR-ORDERED_WRONG_ITEM	Y	C-Returns	RefundAtFirstScan	IN-1922	 	584.00	1	 	 	 	 	 	584.00	gl_watch
402-3934701-0007566	03-Jun-2023	14-Jun-2023	Approved	D3XP3hpFRRMA	 	AmazonPrePaidLabel	172.50	INR	ATS	513721143852	Seller	N	N	B084MK46HJ	LWWC16176140	Leather World 6 Slot Vegan Leather Men Watch Box Display Case Organizer Glass Women Jewelry Storage Black	1	CR-SWITCHEROO	Y	Amazon CS	RefundAtFirstScan	IN-1582	 	569.00	1	 	 	 	 	 	649.00	gl_watch
406-9850346-0982728	09-Jun-2023	14-Jun-2023	Approved	DgXV3kpBRRMA	 	AmazonPrePaidLabel	0.00	 	ATS	513722063012	Seller	N	N	B0837TDP66	PRIME-LWHK2020102	Leather World Rucksack Water-Resistant Travel Backpack Convertible Duffel Bag for Trekking, Hiking with Laptop Compartmet for Men Women	1	CR-QUALITY_UNACCEPTABLE	Y	C-Returns	Replacement	 	 	899.00	1	 	 	 	 	 	 	gl_luggage
171-4790792-4086746	07-Jun-2023	14-Jun-2023	Approved	 	 	AmazonPrePaidLabel	0.00	 	ATS	324446681877	Not Computed	N	N	B0779BZV2M	PRIME-LWWC16176094	Leather World 6 Slots Watch Box Storage Jewelry Organizer Case for Men Women Vegan Leather Blue	1	UND-UNKNOWN	Y	Undelivered	StandardRefund	IN-1839	17-Jun-2023	 	 	 	 	 	 	 	 	gl_watch
404-2200655-7953959	11-Jun-2023	14-Jun-2023	Approved	 	 	AmazonPrePaidLabel	0.00	 	ATS	324515764951	Not Computed	N	N	B07PFV29ZM	PRIME-LWWC16176104B	Leather World 8 Slots PU Leather Men Watch Box Acrylic Display Glass Organizer Case Women Storage Jewelry - Blue	1	UND-UNKNOWN	Y	Rejected	StandardRefund	IN-2080	16-Jun-2023	 	 	 	 	 	 	 	 	gl_home
408-7361862-3564350	09-Jun-2023	14-Jun-2023	Approved	 	 	AmazonPrePaidLabel	0.00	 	ATS	324481919140	Not Computed	N	N	B084MK46HJ	LWWC16176140	Leather World 6 Slot Vegan Leather Men Watch Box Display Case Organizer Glass Women Jewelry Storage Black	1	UND-UNKNOWN	Y	Rejected	StandardRefund	IN-1973	19-Jun-2023	 	 	 	 	 	 	 	 	gl_watch
407-5616877-4652359	08-Jun-2023	13-Jun-2023	Approved	 	 	AmazonPrePaidLabel	0.00	 	ATS	324464343139	Not Computed	N	N	B0837WB6BT	LWHK2020103	Leather World Rucksack Water-Resistant Travel Backpack Convertible Duffel Bag for Trekking, Hiking with Laptop Compartmet for Men Women	1	UND-UNKNOWN	Y	Rejected	StandardRefund	IN-1913	19-Jun-2023	 	 	 	 	 	 	 	 	gl_luggage
406-8898922-8591552	06-Jun-2023	13-Jun-2023	Approved	Dl5q38pYRRMA	 	AmazonPrePaidLabel	172.50	INR	ATS	513720635976	Seller	N	N	B0779BZV2M	PRIME-LWWC16176094	Leather World 6 Slots Watch Box Storage Jewelry Organizer Case for Men Women Vegan Leather Blue	1	CR-DEFECTIVE	Y	C-Returns	RefundAtFirstScan	IN-1823	 	584.00	1	 	 	 	 	 	584.00	gl_watch
406-3673558-6509961	08-Jun-2023	13-Jun-2023	Approved	DgNV3vpDRRMA	 	AmazonPrePaidLabel	172.50	INR	ATS	513720533364	Seller	N	N	B084MK46HJ	LWWC16176140	Leather World 6 Slot Vegan Leather Men Watch Box Display Case Organizer Glass Women Jewelry Storage Black	1	AMZ-PG-WJ-TOO-LARGE	Y	C-Returns	RefundAtFirstScan	IN-1937	19-Jun-2023	599.00	1	 	 	 	 	 	599.00	gl_watch
405-3497658-2877920	05-Jun-2023	13-Jun-2023	Approved	DV4F3LpdRRMA	 	AmazonPrePaidLabel	172.50	INR	ATS	513720431325	Seller	N	N	B084MKF1S8	PRIME-LWWC16176141	Leather World 10 Slots PU Leather Men Watch Box Display Organizer Case Women Storage Jewellery - Brown	1	CR-UNWANTED_ITEM	Y	C-Returns	RefundAtFirstScan	IN-1730	19-Jun-2023	949.00	1	 	 	 	 	 	949.00	gl_watch
402-0551742-6213916	03-Jun-2023	13-Jun-2023	Approved	D34f3LprRRMA	 	AmazonPrePaidLabel	345.00	INR	ATS	513720406088	Seller	N	N	B07HD8X2QY	PRIME-LWOB16171122	Leather World Vegan Leather Briefcase Laptop Office Bag for Men and Women with Padded Protection for 14 inch Laptop Tan	1	CR-SWITCHEROO	Y	Amazon CS	StandardRefund	IN-1577	 	949.00	1	 	 	 	 	 	 	gl_shoes
408-0570761-6365162	08-Jun-2023	13-Jun-2023	Approved	 	 	AmazonPrePaidLabel	0.00	 	ATS	324464337404	Not Computed	N	N	B0779BZV2M	PRIME-LWWC16176094	Leather World 6 Slots Watch Box Storage Jewelry Organizer Case for Men Women Vegan Leather Blue	1	UND-UNKNOWN	Y	Rejected	StandardRefund	IN-1891	17-Jun-2023	 	 	 	 	 	 	 	 	gl_watch
404-1161686-3545961	01-Jun-2023	13-Jun-2023	Approved	Dy4J33pRRRMA	 	AmazonPrePaidLabel	759.00	INR	ATS	513720346919	Seller	N	N	B08NK29KNK	LWDB19204089	Leather World 27 Cm Brown Vegan Leather Weekender Travel Duffle Luggage Bag with Detachable Shoulder Strap Separate Shoe Laundry Compartment for Men & Women	1	AMZ-PG-APP-TOO-SMALL	Y	C-Returns	RefundAtFirstScan	IN-1536	 	809.10	1	 	 	 	 	 	899.00	gl_luggage
405-9838844-1821962	08-Jun-2023	13-Jun-2023	Approved	DRFV30pwRRMA	 	AmazonPrePaidLabel	0.00	 	ATS	513721000582	Seller	N	N	B0BSS37QSM	4BLACKWINDOW	Leather World Leatherette Watch Box 4 slots Imported Acrylic Glass Storage Organizer Case Boxes Men Women	1	CR-DAMAGED_BY_FC	Y	C-Returns	Replacement	 	 	521.55	1	 	 	 	 	 	 	gl_home
407-9622855-4634710	06-Jun-2023	13-Jun-2023	Approved	 	 	AmazonPrePaidLabel	0.00	 	ATS	324428338744	Not Computed	N	N	B0837WB6BT	PRIME-LWHK2020103	Leather World Rucksack Water-Resistant Travel Backpack Convertible Duffel Bag for Trekking, Hiking with Laptop Compartmet for Men Women	1	UND-UNKNOWN	Y	Undelivered	StandardRefund	IN-1816	19-Jun-2023	 	 	 	 	 	 	 	 	gl_luggage
408-8072109-1058717	08-Jun-2023	13-Jun-2023	Approved	D93W3hp6RRMA	 	AmazonPrePaidLabel	0.00	 	ATS	513721001893	Seller	N	N	B0779BZV2M	PRIME-LWWC16176094	Leather World 6 Slots Watch Box Storage Jewelry Organizer Case for Men Women Vegan Leather Blue	1	CR-DEFECTIVE	Y	C-Returns	Replacement	 	 	584.00	1	 	 	 	 	 	 	gl_watch
402-3934701-0007566	03-Jun-2023	12-Jun-2023	Approved	Dl1q3TpDRRMA	 	AmazonPrePaidLabel	172.50	INR	ATS	513719388104	Seller	N	N	B084MK46HJ	LWWC16176140	Leather World 6 Slot Vegan Leather Men Watch Box Display Case Organizer Glass Women Jewelry Storage Black	1	CR-FOUND_BETTER_PRICE	Y	C-Returns	StandardRefund	IN-1582	 	569.00	1	 	 	 	 	 	 	gl_watch
171-2728876-9766718	09-Jun-2023	12-Jun-2023	Approved	DV1V3DpyRRMA	 	AmazonPrePaidLabel	69.00	INR	ATS	5554434927	Seller	N	N	B0837W9Q6S	PRIME-LWHK2020101	Leather World Rucksack Water-Resistant Travel Backpack Convertible Duffel Bag for Trekking, Hiking with Laptop Compartmet for Men Women	1	CR-QUALITY_UNACCEPTABLE	Y	Amazon CS	StandardRefund	IN-1968	 	869.00	1	 	 	 	 	 	 	gl_luggage
402-3933106-9820365	08-Jun-2023	12-Jun-2023	Approved	DD783zpCRRMA	 	AmazonPrePaidLabel	575.00	INR	ATS	513719324836	Seller	N	N	B097JWGZ7N	LWOB202103	Leather World Vegan Leather Briefcase 15.6 Inch Dark Brown Laptop Expandable Messenger Shoulder Office Bag for Men & Women	1	AMZ-PG-APP-TOO-SMALL	Y	C-Returns	RefundAtFirstScan	IN-1927	19-Jun-2023	1099.00	1	 	 	 	 	 	1099.00	gl_luggage
407-0558372-0937160	07-Jun-2023	12-Jun-2023	Approved	D97J3Mp0RRMA	 	AmazonPrePaidLabel	552.00	INR	ATS	513719320364	Seller	N	N	B0837WB6BT	LWHK2020103	Leather World Rucksack Water-Resistant Travel Backpack Convertible Duffel Bag for Trekking, Hiking with Laptop Compartmet for Men Women	1	CR-MISSING_PARTS	Y	C-Returns	RefundAtFirstScan	IN-1825	19-Jun-2023	854.00	1	 	 	 	 	 	854.00	gl_luggage
405-4449100-4344305	07-Jun-2023	12-Jun-2023	Approved	DGgT3spZRRMA	 	AmazonPrePaidLabel	0.00	 	ATS	513719849902	Seller	N	N	B07173YBMR	LWWC16176081	Leather World 10 Slots PU Leather Men Watch Box Display Organizer Case Women Storage Jewelry - Coffee Brown	1	CR-DEFECTIVE	Y	C-Returns	Replacement	 	 	999.00	1	 	 	 	 	 	 	gl_watch
403-5875162-2369127	07-Jun-2023	11-Jun-2023	Approved	D3Bl30p4RRMA	 	AmazonPrePaidLabel	0.00	 	ATS	513719851011	Seller	N	N	B0779BZV2M	PRIME-LWWC16176094	Leather World 6 Slots Watch Box Storage Jewelry Organizer Case for Men Women Vegan Leather Blue	1	CR-DEFECTIVE	Y	C-Returns	Replacement	 	20-Jun-2023	584.00	1	 	 	 	 	 	 	gl_watch
408-0227354-7815517	06-Jun-2023	11-Jun-2023	Approved	DwM731pJRRMA	 	AmazonPrePaidLabel	287.50	INR	ATS	513718513187	Seller	N	N	B0837TDP66	PRIME-LWHK2020102	Leather World Rucksack Water-Resistant Travel Backpack Convertible Duffel Bag for Trekking, Hiking with Laptop Compartmet for Men Women	1	CR-MISSED_ESTIMATED_DELIVERY	Y	C-Returns	StandardRefund	IN-1777	16-Jun-2023	 	1	 	 	 	 	 	 	gl_luggage
404-9959799-0366720	03-Jun-2023	11-Jun-2023	Approved	 	 	AmazonPrePaidLabel	0.00	 	ATS	324371954305	Not Computed	N	N	B0779BZV2M	PRIME-LWWC16176094	Leather World 6 Slots Watch Box Storage Jewelry Organizer Case for Men Women Vegan Leather Blue	1	UND-UNKNOWN	Y	Rejected	StandardRefund	IN-1625	19-Jun-2023	 	 	 	 	 	 	 	 	gl_watch
406-2497802-7931547	06-Jun-2023	11-Jun-2023	Approved	 	 	AmazonPrePaidLabel	0.00	 	ATS	324428344417	Not Computed	N	N	B08NXL9F1P	LWBP20213012	Fly Fashion Polyester Travel Cross Body Backpack Shoulder Chest Bag Lightweight Men and Women	1	UND-UNKNOWN	Y	Rejected	StandardRefund	IN-1814	17-Jun-2023	 	 	 	 	 	 	 	 	gl_luggage
405-3762698-0469956	04-Jun-2023	11-Jun-2023	Approved	 	 	AmazonPrePaidLabel	0.00	 	ATS	324388978578	Not Computed	N	N	B0779BZV2M	PRIME-LWWC16176094	Leather World 6 Slots Watch Box Storage Jewelry Organizer Case for Men Women Vegan Leather Blue	1	UND-UNKNOWN	Y	Undelivered	StandardRefund	IN-1638	16-Jun-2023	 	 	 	 	 	 	 	 	gl_watch
407-0197524-4221117	06-Jun-2023	11-Jun-2023	Approved	 	 	AmazonPrePaidLabel	0.00	 	ATS	324428338607	Not Computed	N	N	B0BTT9MPV4	34FLYLB2208	Fly Fashion Forma Black Stylish Pure Leather Belts for Women	1	UND-UNKNOWN	Y	Rejected	StandardRefund	IN-1804	15-Jun-2023	 	 	 	 	 	 	 	 	gl_apparel
405-7558448-9273161	27-May-2023	11-Jun-2023	Approved	Dwtw3hpMRRMA	 	AmazonPrePaidLabel	138.00	INR	ATS	513717998282	Seller	N	N	B08ZYR2K2V	LWDB16174099	Leather World Vegan Leather 24 Cms Gym Duffle Bag for Men & Women Tan	1	CR-QUALITY_UNACCEPTABLE	Y	C-Returns	RefundAtFirstScan	IN-1428	19-Jun-2023	599.00	1	 	 	 	 	 	599.00	gl_luggage
405-3325899-6037937	06-Jun-2023	11-Jun-2023	Approved	DSbz3bpXRRMA	 	AmazonPrePaidLabel	207.00	INR	ATS	513717798646	Seller	N	N	B0779BZV2M	PRIME-LWWC16176094	Leather World 6 Slots Watch Box Storage Jewelry Organizer Case for Men Women Vegan Leather Blue	1	CR-UNWANTED_ITEM	Y	C-Returns	RefundAtFirstScan	IN-1774	17-Jun-2023	584.00	1	 	 	 	 	 	584.00	gl_watch
403-9492100-3449928	04-Jun-2023	11-Jun-2023	Approved	DNbt3zplRRMA	 	AmazonPrePaidLabel	172.50	INR	ATS	513717734460	Seller	N	N	B07PFV29ZM	PRIME-LWWC16176104B	Leather World 8 Slots PU Leather Men Watch Box Acrylic Display Glass Organizer Case Women Storage Jewelry - Blue	1	CR-DAMAGED_BY_FC	Y	C-Returns	RefundAtFirstScan	IN-1697	16-Jun-2023	799.00	1	 	 	 	 	 	799.00	gl_home
171-2728876-9766718	09-Jun-2023	11-Jun-2023	Approved	DPbj3kp6RRMA	 	AmazonPrePaidLabel	69.00	INR	ATS	5554430305	Seller	N	N	B0837W9Q6S	PRIME-LWHK2020101	Leather World Rucksack Water-Resistant Travel Backpack Convertible Duffel Bag for Trekking, Hiking with Laptop Compartmet for Men Women	1	CR-QUALITY_UNACCEPTABLE	Y	C-Returns	Replacement	IN-1968	 	869.00	1	 	 	 	 	 	 	gl_luggage
405-5141082-1781951	04-Jun-2023	10-Jun-2023	Approved	DMwD3mp8RRMA	 	AmazonPrePaidLabel	0.00	 	ATS	513717786582	Seller	N	N	B08NK29KNK	LWDB19204089	Leather World 27 Cm Brown Vegan Leather Weekender Travel Duffle Luggage Bag with Detachable Shoulder Strap Separate Shoe Laundry Compartment for Men & Women	1	CR-MISSING_PARTS	Y	C-Returns	Replacement	 	 	809.10	1	 	 	 	 	 	809.10	gl_luggage
405-7718595-6064309	06-Jun-2023	10-Jun-2023	Approved	D1wM3PpYRRMA	 	AmazonPrePaidLabel	103.50	INR	ATS	513717287409	Seller	N	N	B0779BZV2M	PRIME-LWWC16176094	Leather World 6 Slots Watch Box Storage Jewelry Organizer Case for Men Women Vegan Leather Blue	1	AMZ-PG-WJ-TOO-LARGE	Y	C-Returns	RefundAtFirstScan	IN-1764	14-Jun-2023	584.00	1	 	 	 	 	 	584.00	gl_watch
171-5379893-3793119	07-Jun-2023	10-Jun-2023	Approved	D69Q3Xp4RRMA	 	AmazonPrePaidLabel	103.50	INR	ATS	513716946055	Seller	N	N	B0779BZV2M	PRIME-LWWC16176094	Leather World 6 Slots Watch Box Storage Jewelry Organizer Case for Men Women Vegan Leather Blue	1	AMZ-PG-WJ-TOO-LARGE	Y	C-Returns	RefundAtFirstScan	IN-1826	14-Jun-2023	584.00	1	 	 	 	 	 	584.00	gl_watch
402-0551742-6213916	03-Jun-2023	10-Jun-2023	Approved	DRQ03hp2RRMA	 	AmazonPrePaidLabel	345.00	INR	ATS	513716728514	Seller	N	N	B07HD8X2QY	PRIME-LWOB16171122	Leather World Vegan Leather Briefcase Laptop Office Bag for Men and Women with Padded Protection for 14 inch Laptop Tan	1	AMZ-PG-APP-STYLE	Y	C-Returns	StandardRefund	IN-1577	 	949.00	1	 	 	 	 	 	 	gl_shoes
408-4088095-2180303	05-Jun-2023	10-Jun-2023	Approved	DbQr3spBRRMA	 	AmazonPrePaidLabel	0.00	 	ATS	513717795157	Seller	N	N	B06X9QGP8N	PRIME-LWWC20216059	Leather World 8 Slots PU Leather Men Watch Box Display Organizer Case Women Storage Jewellery - Black	1	CR-DEFECTIVE	Y	C-Returns	Replacement	 	 	699.00	1	 	 	 	 	 	 	gl_watch
404-1161686-3545961	01-Jun-2023	10-Jun-2023	Approved	DDQw36pbRRMA	 	AmazonPrePaidLabel	759.00	INR	ATS	513716631470	Seller	N	N	B08NK29KNK	LWDB19204089	Leather World 27 Cm Brown Vegan Leather Weekender Travel Duffle Luggage Bag with Detachable Shoulder Strap Separate Shoe Laundry Compartment for Men & Women	1	CR-SWITCHEROO	Y	Amazon CS	StandardRefund	IN-1536	 	809.10	1	 	 	 	 	 	 	gl_luggage
407-9603242-5102749	01-Jun-2023	10-Jun-2023	Approved	DGQX3YpNRRMA	 	AmazonPrePaidLabel	69.00	INR	ATS	513716601640	Seller	N	N	B08NYG27PK	PRIME-LWBP20213015	Fly Fashion Grey Crossbody Backpack Daypack One Shoulder Chest Sling Bag for Men and Women	1	CR-SWITCHEROO	Y	C-Returns	RefundAtFirstScan	IN-1518	13-Jun-2023	446.00	1	 	 	 	 	 	446.00	gl_luggage
404-8374132-4584356	04-Jun-2023	10-Jun-2023	Approved	D66d39pFRRMA	 	AmazonPrePaidLabel	138.00	INR	ATS	513716524550	Seller	N	N	B0779BZV2M	PRIME-LWWC16176094	Leather World 6 Slots Watch Box Storage Jewelry Organizer Case for Men Women Vegan Leather Blue	1	CR-UNWANTED_ITEM	Y	C-Returns	RefundAtFirstScan	IN-1688	15-Jun-2023	584.00	1	 	 	 	 	 	584.00	gl_watch
171-0088684-2925941	05-Jun-2023	10-Jun-2023	Approved	 	 	AmazonPrePaidLabel	0.00	 	ATS	324409079192	Not Computed	N	N	B07PFV29ZM	PRIME-LWWC16176104B	Leather World 8 Slots PU Leather Men Watch Box Acrylic Display Glass Organizer Case Women Storage Jewelry - Blue	1	UND-UNKNOWN	Y	Rejected	StandardRefund	IN-1715	14-Jun-2023	 	 	 	 	 	 	 	 	gl_home
408-3509880-3557914	03-Jun-2023	09-Jun-2023	Approved	DgcJ3lplRRMA	 	AmazonPrePaidLabel	0.00	 	ATS	513716692792	Seller	N	N	B0837WB6BT	LWHK2020103	Leather World Rucksack Water-Resistant Travel Backpack Convertible Duffel Bag for Trekking, Hiking with Laptop Compartmet for Men Women	1	CR-SWITCHEROO	Y	C-Returns	Replacement	 	20-Jun-2023	836.92	1	 	 	 	 	 	836.92	gl_luggage
405-3796603-6084313	04-Jun-2023	09-Jun-2023	Approved	Dyc93BpGRRMA	 	AmazonPrePaidLabel	690.00	INR	ATS	513715971492	Seller	N	N	B07PHTDVNB	LWOB16171124B	Leather World Vegan Leather 15.6 Laptop Bag Expandable Briefcase Computer Bag for Men and Women Laptop Shoulder Bag Work Bag Business Travel Brown	1	AMZ-PG-APP-TOO-SMALL	Y	C-Returns	RefundAtFirstScan	IN-1675	16-Jun-2023	1089.00	1	 	 	 	 	 	1139.00	gl_luggage
403-1308896-6542764	04-Jun-2023	09-Jun-2023	Approved	DGHN39p8RRMA	 	AmazonPrePaidLabel	138.00	INR	ATS	513715861908	Seller	N	N	B0B82KZ483	36LWGW2204	Leather World Formal Casual Brown Crosshiner Stylish Genuine Leather Belts For Men (36)	1	CR-DEFECTIVE	Y	C-Returns	RefundAtFirstScan	IN-1639	16-Jun-2023	499.00	1	 	 	 	 	 	499.00	gl_apparel
404-6538180-9306729	03-Jun-2023	09-Jun-2023	Approved	 	 	AmazonPrePaidLabel	0.00	 	ATS	324371954299	Not Computed	N	N	B0BSS5CY6X	4BROWNPLANE	Leather World Mens Watch Case Small 4 Watch Box Beige PU Leather Display Top Jewelry Case Organizer Women	1	UND-UNKNOWN	Y	Rejected	StandardRefund	IN-1622	14-Jun-2023	 	 	 	 	 	 	 	 	gl_home
402-4743447-4418730	03-Jun-2023	09-Jun-2023	Approved	DRHQ3kpBRRMA	 	AmazonPrePaidLabel	0.00	 	ATS	513716687361	Seller	N	N	B01IN1P9FI	PRIME-LWOB16171007	Leather World Laptop Bag 15.6 Inch, Business Briefcase for Men Women, 15inch Water Resistant Messenger Shoulder Bag with Strap, Durable Office Bag- Brown	1	CR-SWITCHEROO	Y	C-Returns	Replacement	 	19-Jun-2023	1139.00	1	 	 	 	 	 	 	gl_pc
407-9317521-6084321	02-Jun-2023	09-Jun-2023	Approved	 	 	AmazonPrePaidLabel	0.00	 	ATS	324354055395	Not Computed	N	N	B08NYG27PK	PRIME-LWBP20213015	Fly Fashion Grey Crossbody Backpack Daypack One Shoulder Chest Sling Bag for Men and Women	1	UND-UNKNOWN	Y	Rejected	StandardRefund	IN-1564	15-Jun-2023	 	 	 	 	 	 	 	 	gl_luggage
404-2972152-0217169	04-Jun-2023	08-Jun-2023	Approved	DdfN33plRRMA	 	AmazonPrePaidLabel	506.00	INR	ATS	513715176378	Seller	N	N	B08NK29KNK	LWDB19204089	Leather World 27 Cm Brown Vegan Leather Weekender Travel Duffle Luggage Bag with Detachable Shoulder Strap Separate Shoe Laundry Compartment for Men & Women	1	AMZ-PG-APP-STYLE	Y	C-Returns	RefundAtFirstScan	IN-1685	14-Jun-2023	899.00	1	 	 	 	 	 	899.00	gl_luggage
406-9553817-5105907	25-May-2023	08-Jun-2023	Approved	D1Lc3Pp1RRMA	 	AmazonPrePaidLabel	287.50	INR	ATS	513714840713	Seller	N	N	B08LL5CQTB	PRIME-LWWC20216059	Leather World 8 Slots PU Leather Men Watch Box Display Organizer Case Women Storage Jewellery - Black	1	CR-SWITCHEROO	Y	Amazon CS	RefundAtFirstScan	IN-1386	14-Jun-2023	699.00	1	 	 	 	 	 	699.00	gl_watch
171-0026254-7657165	03-Jun-2023	08-Jun-2023	Approved	DcLz3vpVRRMA	 	AmazonPrePaidLabel	207.00	INR	ATS	513714815964	Seller	N	N	B0779BZV2M	PRIME-LWWC16176094	Leather World 6 Slots Watch Box Storage Jewelry Organizer Case for Men Women Vegan Leather Blue	1	AMZ-PG-WJ-TOO-SMALL	Y	C-Returns	RefundAtFirstScan	IN-1617	14-Jun-2023	560.64	1	 	 	 	 	 	584.00	gl_watch
408-4171998-9649959	03-Jun-2023	08-Jun-2023	Approved	 	 	AmazonPrePaidLabel	0.00	 	ATS	324371960504	Not Computed	N	N	B0779BZV2M	LWWC16176094	Leather World 6 Slots Watch Box Storage Jewelry Organizer Case for Men Women Vegan Leather Blue	1	UND-UNKNOWN	Y	Rejected	StandardRefund	IN-1592	12-Jun-2023	 	 	 	 	 	 	 	 	gl_watch
408-4567542-4640317	04-Jun-2023	07-Jun-2023	Approved	DmdY34pwRRMA	 	AmazonPrePaidLabel	172.50	INR	ATS	513714272675	Seller	N	N	B0779BZV2M	PRIME-LWWC16176094	Leather World 6 Slots Watch Box Storage Jewelry Organizer Case for Men Women Vegan Leather Blue	1	CR-UNWANTED_ITEM	Y	C-Returns	RefundAtFirstScan	IN-1640	13-Jun-2023	560.64	1	 	 	 	 	 	584.00	gl_watch
404-1161686-3545961	01-Jun-2023	07-Jun-2023	Approved	DGrv3XpvRRMA	 	AmazonPrePaidLabel	759.00	INR	ATS	513714166158	Seller	N	N	B08NK29KNK	LWDB19204089	Leather World 27 Cm Brown Vegan Leather Weekender Travel Duffle Luggage Bag with Detachable Shoulder Strap Separate Shoe Laundry Compartment for Men & Women	1	CR-QUALITY_UNACCEPTABLE	Y	Amazon CS	StandardRefund	IN-1536	 	809.10	1	 	 	 	 	 	 	gl_luggage
404-8019419-4775529	01-Jun-2023	07-Jun-2023	Approved	 	 	AmazonPrePaidLabel	0.00	 	ATS	324335590280	Not Computed	N	N	B0779969J9	PRIME-LWWC16176091	Leather World Pu Watch Box 8 Slot for Watches Organizer Storage Boxes Case for Men Women - Tan	1	UND-UNKNOWN	Y	Rejected	StandardRefund	IN-1545	12-Jun-2023	 	 	 	 	 	 	 	 	gl_watch
408-2547571-2709129	03-Jun-2023	07-Jun-2023	Approved	DdJV3ypnRRMA	 	AmazonPrePaidLabel	0.00	 	ATS	513714617438	Seller	N	N	B078WVLKT3	PRIME-LWDB16174014	Leather World 24 Inch Nylon Large Weekender Travel Duffle Luggage Bag with Detachable Shoulder Strap for Men & Women Blue	1	CR-SWITCHEROO	Y	C-Returns	Replacement	 	16-Jun-2023	1149.00	1	 	 	 	 	 	 	gl_luggage
404-6595243-5842759	05-Jun-2023	07-Jun-2023	Approved	DMp53YpfRRMA	 	AmazonPrePaidLabel	103.50	INR	ATS	513713713483	Seller	N	N	B072FDG4ZY	PRIME-LWWC16176077	Leather World Vegan Leather 4 Slot Watch Case Box for Men and Women (Beige)	1	CR-UNWANTED_ITEM	Y	C-Returns	RefundAtFirstScan	IN-1729	 	521.55	1	 	 	 	 	 	496.84	gl_watch
405-5492028-8302713	02-Jun-2023	07-Jun-2023	Approved	Dmpw3wpbRRMA	 	AmazonPrePaidLabel	345.00	INR	ATS	513713463166	Seller	N	N	B07P7Q1SZK	LWOB16171120B	Leather World Vegan Leather Briefcase Laptop Office Bag for Men and Women with Padded Protection for 12 inch Laptop Black	1	AMZ-PG-APP-TOO-LARGE	Y	C-Returns	RefundAtFirstScan	IN-1566	14-Jun-2023	999.00	1	VALID_DIFF_ITEM_RECEIVED	77299-96114-5789844	GRANT	15-Jun-2023	693.84	999.00	gl_luggage
404-8258833-0680345	02-Jun-2023	07-Jun-2023	Approved	DzpK3spRRRMA	 	AmazonPrePaidLabel	230.00	INR	ATS	513713431745	Seller	N	N	B09GS4YJQG	LWSB21501	Leather World The Brown Sling Bag Vegan Leather Cross Body Travel Bag for Men and Women	1	CR-UNWANTED_ITEM	Y	C-Returns	RefundAtFirstScan	IN-1567	15-Jun-2023	569.05	1	DELIVERED_VIA_SECURED_RETURN	64831-47637-6263715	NOGRANT	19-Jun-2023	 	599.00	gl_shoes
403-1518670-4884337	30-May-2023	06-Jun-2023	Approved	 	 	AmazonPrePaidLabel	0.00	 	ATS	324301174063	Not Computed	N	N	B07PFV29ZM	LWWC16176104B	Leather World 8 Slots PU Leather Men Watch Box Acrylic Display Glass Organizer Case Women Storage Jewelry - Blue	1	UND-UNKNOWN	Y	Undelivered	StandardRefund	IN-1470	12-Jun-2023	 	 	 	 	 	 	 	 	gl_home
402-8563293-6308316	01-Jun-2023	06-Jun-2023	Approved	DyPg3qpXRRMA	 	AmazonPrePaidLabel	345.00	INR	ATS	513713254740	Seller	N	N	B07PFV29ZM	LWWC16176104B	Leather World 8 Slots PU Leather Men Watch Box Acrylic Display Glass Organizer Case Women Storage Jewelry - Blue	1	CR-QUALITY_UNACCEPTABLE	Y	C-Returns	RefundAtFirstScan	IN-1519	14-Jun-2023	1698.00	2	 	 	 	 	 	849.00	gl_home
404-7202023-4370769	05-Jun-2023	06-Jun-2023	Approved	D1Pf3bpHRRMA	 	AmazonPrePaidLabel	103.50	INR	ATS	513713148537	Seller	N	N	B07PFV29ZM	PRIME-LWWC16176104B	Leather World 8 Slots PU Leather Men Watch Box Acrylic Display Glass Organizer Case Women Storage Jewelry - Blue	1	CR-UNWANTED_ITEM	Y	C-Returns	RefundAtFirstScan	IN-1705	 	799.00	1	 	 	 	 	 	760.55	gl_home
404-3287390-9637933	24-May-2023	06-Jun-2023	Approved	D3SMJ9pLRRMA	 	AmazonPrePaidLabel	460.00	INR	ATS	513712662065	Seller	N	N	B097JY8TGT	LWOB202104	Leather World Synthetic Leather Briefcase 15.6 Inch Brown Laptop Expandable Messenger Shoulder Office Bag for Men & Women	1	CR-SWITCHEROO	Y	Amazon CS	RefundAtFirstScan	IN-1381	14-Jun-2023	1099.00	1	CUSTOMER_DAMAGED	17781-29021-8443510	GRANT	15-Jun-2023	300.49	1099.00	gl_luggage
405-6612549-8573967	03-Jun-2023	06-Jun-2023	Approved	DcSkJqpzRRMA	 	AmazonPrePaidLabel	345.00	INR	ATS	5554417264	Seller	N	N	B097JY8TGT	LWOB202104	Leather World Synthetic Leather Briefcase 15.6 Inch Brown Laptop Expandable Messenger Shoulder Office Bag for Men & Women	1	AMZ-PG-BAD-DESC	Y	C-Returns	RefundAtFirstScan	IN-1584	19-Jun-2023	1099.00	1	 	 	 	 	 	1099.00	gl_luggage
404-1161686-3545961	01-Jun-2023	06-Jun-2023	Approved	DVS2JQp9RRMA	 	AmazonPrePaidLabel	759.00	INR	ATS	513712610233	Seller	N	N	B08NK29KNK	LWDB19204089	Leather World 27 Cm Brown Vegan Leather Weekender Travel Duffle Luggage Bag with Detachable Shoulder Strap Separate Shoe Laundry Compartment for Men & Women	1	AMZ-PG-APP-TOO-SMALL	Y	C-Returns	StandardRefund	IN-1536	 	809.10	1	 	 	 	 	 	 	gl_luggage
403-3449893-2076305	31-May-2023	06-Jun-2023	Approved	 	 	AmazonPrePaidLabel	0.00	 	ATS	324317802028	Not Computed	N	N	B07173YBMR	LWWC16176081	Leather World 10 Slots PU Leather Men Watch Box Display Organizer Case Women Storage Jewelry - Coffee Brown	1	UND-UNKNOWN	Y	Undelivered	StandardRefund	IN-1503	12-Jun-2023	 	 	 	 	 	 	 	 	gl_watch
171-2778429-6277104	31-May-2023	06-Jun-2023	Approved	DN5fJfpdRRMA	 	AmazonPrePaidLabel	0.00	 	ATS	513713544513	Seller	N	N	B0837TDP66	PRIME-LWHK2020102	Leather World Rucksack Water-Resistant Travel Backpack Convertible Duffel Bag for Trekking, Hiking with Laptop Compartmet for Men Women	1	CR-SWITCHEROO	Y	Amazon CS	Replacement	 	15-Jun-2023	899.00	1	VALID_DIFF_ITEM_RECEIVED	56910-86444-7968761	GRANT	19-Jun-2023	616.36	899.00	gl_luggage
406-9297598-5300369	01-Jun-2023	05-Jun-2023	Approved	D94mJdpVRRMA	 	AmazonPrePaidLabel	287.50	INR	ATS	513712185526	Seller	N	N	B0837TDP66	PRIME-LWHK2020102	Leather World Rucksack Water-Resistant Travel Backpack Convertible Duffel Bag for Trekking, Hiking with Laptop Compartmet for Men Women	1	AMZ-PG-APP-TOO-SMALL	Y	C-Returns	RefundAtFirstScan	IN-1532	10-Jun-2023	899.00	1	 	 	 	 	 	899.00	gl_luggage
408-4713944-1917968	23-May-2023	05-Jun-2023	Approved	DXyDJxp5RRMA	 	AmazonUnPaidLabel	0.00	 	 	 	Seller	N	N	B097JWGZ7N	LWOB202103	Leather World Vegan Leather Briefcase 15.6 Inch Dark Brown Laptop Expandable Messenger Shoulder Office Bag for Men & Women	1	CR-SWITCHEROO	Y	Amazon CS	StandardRefund	IN-1357	 	 	1	 	 	 	 	 	 	gl_luggage
404-9159938-7653957	30-May-2023	05-Jun-2023	Approved	 	 	AmazonPrePaidLabel	0.00	 	ATS	324301182617	Not Computed	N	N	B0837TDP66	PRIME-LWHK2020102	Leather World Rucksack Water-Resistant Travel Backpack Convertible Duffel Bag for Trekking, Hiking with Laptop Compartmet for Men Women	1	UND-UNKNOWN	Y	Rejected	StandardRefund	IN-1462	10-Jun-2023	 	 	 	 	 	 	 	 	gl_luggage
407-5871018-5839502	31-May-2023	05-Jun-2023	Approved	DD3kJlp0RRMA	 	AmazonPrePaidLabel	552.00	INR	ATS	513711702908	Seller	N	N	B0837WB6BT	LWHK2020103	Leather World Rucksack Water-Resistant Travel Backpack Convertible Duffel Bag for Trekking, Hiking with Laptop Compartmet for Men Women	1	CR-QUALITY_UNACCEPTABLE	Y	C-Returns	RefundAtFirstScan	IN-1506	12-Jun-2023	854.00	1	 	 	 	 	 	854.00	gl_luggage
403-9144425-0310742	31-May-2023	05-Jun-2023	Approved	DwjmJBpGRRMA	 	AmazonPrePaidLabel	322.00	INR	ATS	513711097981	Seller	N	N	B01IN1P9FI	PRIME-LWOB16171007	Leather World Laptop Bag 15.6 Inch, Business Briefcase for Men Women, 15inch Water Resistant Messenger Shoulder Bag with Strap, Durable Office Bag- Brown	1	CR-ORDERED_WRONG_ITEM	Y	C-Returns	RefundAtFirstScan	IN-1511	10-Jun-2023	1139.00	1	 	 	 	 	 	1139.00	gl_pc
405-5689697-5676319	31-May-2023	04-Jun-2023	Approved	 	 	AmazonPrePaidLabel	0.00	 	ATS	324317800642	Not Computed	N	N	B0BQ3RPS84	38LWHB2207	Leather World Formal Casual Brown Color Branded Stylish Genuine Leather Belts For Men (38)	1	UND-UNKNOWN	Y	Rejected	StandardRefund	IN-1492	09-Jun-2023	 	 	 	 	 	 	 	 	gl_apparel
171-5656209-5821967	30-May-2023	04-Jun-2023	Approved	DD72J8pWRRMA	 	AmazonPrePaidLabel	287.50	INR	ATS	513710905812	Seller	N	N	B08LH752FN	LWWC16176051	Leather World 10 Slots Faux Leather Men Watch Box Acrylic Display Organizer Case Women Storage Jewellery - Blue	1	AMZ-PG-WJ-TOO-LARGE	Y	C-Returns	RefundAtFirstScan	IN-1479	10-Jun-2023	949.05	1	 	 	 	 	 	999.00	gl_watch
406-9517059-8384359	31-May-2023	04-Jun-2023	Approved	Dc7PJQpsRRMA	 	AmazonPrePaidLabel	0.00	 	ATS	513711205980	Seller	N	N	B084MKF1S8	PRIME-LWWC16176141	Leather World 10 Slots PU Leather Men Watch Box Display Organizer Case Women Storage Jewellery - Brown	1	CR-DEFECTIVE	Y	C-Returns	Replacement	 	15-Jun-2023	949.00	1	 	 	 	 	 	 	gl_watch
408-4713944-1917968	23-May-2023	04-Jun-2023	Approved	DP7WJLp9RRMA	 	AmazonUnPaidLabel	0.00	 	 	 	Seller	N	N	B097JWGZ7N	LWOB202103	Leather World Vegan Leather Briefcase 15.6 Inch Dark Brown Laptop Expandable Messenger Shoulder Office Bag for Men & Women	1	CR-SWITCHEROO	Y	Amazon CS	StandardRefund	IN-1357	 	 	1	 	 	 	 	 	 	gl_luggage
407-9603242-5102749	01-Jun-2023	04-Jun-2023	Approved	DSD2J5pqRRMA	 	AmazonPrePaidLabel	69.00	INR	ATS	513710770861	Seller	N	N	B08NYG27PK	PRIME-LWBP20213015	Fly Fashion Grey Crossbody Backpack Daypack One Shoulder Chest Sling Bag for Men and Women	1	CR-MISSING_PARTS	Y	C-Returns	StandardRefund	IN-1518	 	446.00	1	 	 	 	 	 	 	gl_luggage
405-8396180-2030732	21-May-2023	04-Jun-2023	Approved	DPgmJ6pGRRMA	 	AmazonPrePaidLabel	414.00	INR	ATS	513710320936	Seller	N	N	B08NXL9F1P	LWBP20213012	Fly Fashion Polyester Travel Cross Body Backpack Shoulder Chest Bag Lightweight Men and Women	1	NOT_AS_PHOTO	Y	C-Returns	RefundAtFirstScan	IN-1338	12-Jun-2023	584.00	1	 	 	 	 	 	584.00	gl_luggage
404-4493085-8329157	01-Jun-2023	04-Jun-2023	Approved	DPggJ6pMRRMA	 	AmazonPrePaidLabel	230.00	INR	ATS	513710253197	Seller	N	N	B0837TDP66	PRIME-LWHK2020102	Leather World Rucksack Water-Resistant Travel Backpack Convertible Duffel Bag for Trekking, Hiking with Laptop Compartmet for Men Women	1	NOT_AS_PHOTO	Y	C-Returns	RefundAtFirstScan	IN-1529	08-Jun-2023	899.00	1	 	 	 	 	 	899.00	gl_luggage
408-5549908-7282753	29-May-2023	04-Jun-2023	Approved	 	 	AmazonPrePaidLabel	0.00	 	ATS	324284002025	Not Computed	N	N	B08NYG27PK	PRIME-LWBP20213015	Fly Fashion Grey Crossbody Backpack Daypack One Shoulder Chest Sling Bag for Men and Women	2	UND-UNKNOWN	Y	Rejected	StandardRefund	IN-1458	10-Jun-2023	 	 	 	 	 	 	 	 	gl_luggage
408-9886097-7521912	02-Jun-2023	04-Jun-2023	Approved	DDB8JHpXRRMA	 	AmazonPrePaidLabel	69.00	INR	ATS	513710091126	Seller	N	N	B07SDQSQNX	PRIME-LWDB19204014	Leather World Duffle Luggage Bag 22 cm Nylon Large Weekender Travel with Detachable Shoulder Strap for Men & Women (Blue)	1	AMZ-PG-APP-TOO-SMALL	Y	C-Returns	RefundAtFirstScan	IN-1560	 	898.00	1	 	 	 	 	 	898.00	gl_luggage
403-3579822-1745115	31-May-2023	04-Jun-2023	Approved	 	 	AmazonPrePaidLabel	0.00	 	ATS	324317800260	Not Computed	N	N	B07C998D2D	PRIME-LWWC16176112	Leather World 6 Slot PU Leather Men Watch Box Case Organizer Women Jewelry Storage Black	1	UND-UNKNOWN	Y	Rejected	StandardRefund	IN-1508	06-Jun-2023	 	 	 	 	 	 	 	 	gl_watch
406-1308730-6675518	29-May-2023	03-Jun-2023	Approved	 	 	AmazonPrePaidLabel	0.00	 	ATS	324301182594	Not Computed	N	N	B07PDXGR22	LWWC16176092	Leather World 8 Slots PU Leather Men Watch Box Acrylic Display Glass Organizer Case Women Storage Jewellery, Brown	2	UND-UNKNOWN	Y	Rejected	StandardRefund	IN-1459	08-Jun-2023	 	 	 	 	 	 	 	 	gl_home
171-3626746-0318754	31-May-2023	03-Jun-2023	Approved	 	 	AmazonPrePaidLabel	0.00	 	ATS	324317815332	Not Computed	N	N	B07SHCYPHM	PRIME-LWBP19203082	Leather World Vegan Leather Black 14 inch Laptop College Casual Backpack for Women Travel Bag	1	UND-UNKNOWN	Y	Rejected	StandardRefund	IN-1488	06-Jun-2023	 	 	 	 	 	 	 	 	gl_luggage
171-8506241-2615565	02-Jun-2023	03-Jun-2023	Approved	DCMSJrp4RRMA	 	AmazonPrePaidLabel	310.50	INR	ATS	513709849394	Seller	N	N	B078WVLKT3	PRIME-LWDB16174014	Leather World 24 Inch Nylon Large Weekender Travel Duffle Luggage Bag with Detachable Shoulder Strap for Men & Women Blue	1	CR-UNWANTED_ITEM	Y	C-Returns	RefundAtFirstScan	IN-1556	 	1199.00	1	VALID_DIFF_ITEM_RECEIVED	97135-55863-6765605	GRANT	08-Jun-2023	910.12	1199.00	gl_luggage
402-9673896-8431557	02-Jun-2023	03-Jun-2023	Approved	DDtcJdp9RRMA	 	AmazonPrePaidLabel	69.00	INR	ATS	513709333343	Seller	N	N	B08NYG27PK	PRIME-LWBP20213015	Fly Fashion Grey Crossbody Backpack Daypack One Shoulder Chest Sling Bag for Men and Women	1	CR-QUALITY_UNACCEPTABLE	Y	C-Returns	RefundAtFirstScan	IN-1555	 	446.00	1	 	 	 	 	 	446.00	gl_luggage
404-3287390-9637933	24-May-2023	03-Jun-2023	Approved	DNbrJKp6RRMA	 	AmazonPrePaidLabel	460.00	INR	ATS	513709150827	Seller	N	N	B097JY8TGT	LWOB202104	Leather World Synthetic Leather Briefcase 15.6 Inch Brown Laptop Expandable Messenger Shoulder Office Bag for Men & Women	1	CR-DEFECTIVE	Y	C-Returns	StandardRefund	IN-1381	 	1099.00	1	CUSTOMER_DAMAGED	17781-29021-8443510	GRANT	15-Jun-2023	300.49	 	gl_luggage
406-7154865-5333123	28-May-2023	02-Jun-2023	Approved	 	 	AmazonPrePaidLabel	0.00	 	ATS	324265703101	Not Computed	N	N	B0837WB6BT	LWHK2020103	Leather World Rucksack Water-Resistant Travel Backpack Convertible Duffel Bag for Trekking, Hiking with Laptop Compartmet for Men Women	1	UND-UNKNOWN	Y	Rejected	StandardRefund	IN-1433	06-Jun-2023	 	 	 	 	 	 	 	 	gl_luggage
171-7540305-9025100	25-May-2023	02-Jun-2023	Approved	DNWQJJphRRMA	 	AmazonPrePaidLabel	115.00	INR	ATS	513708749046	Seller	N	N	B08ZYR2K2V	LWDB16174099	Leather World Vegan Leather 24 Cms Gym Duffle Bag for Men & Women Tan	1	AMZ-PG-APP-STYLE	Y	C-Returns	RefundAtFirstScan	IN-1383	08-Jun-2023	599.00	1	 	 	 	 	 	599.00	gl_luggage
171-1240659-8181957	28-May-2023	02-Jun-2023	Approved	 	 	AmazonPrePaidLabel	0.00	 	ATS	324265723116	Not Computed	N	N	B084MK46HJ	LWWC16176140	Leather World 6 Slot Vegan Leather Men Watch Box Display Case Organizer Glass Women Jewelry Storage Black	1	UND-UNKNOWN	Y	Rejected	StandardRefund	IN-1437	05-Jun-2023	 	 	 	 	 	 	 	 	gl_watch
406-4796179-3876324	28-May-2023	01-Jun-2023	Approved	 	 	AmazonPrePaidLabel	0.00	 	ATS	324265712721	Not Computed	N	N	B0837TDP66	PRIME-LWHK2020102	Leather World Rucksack Water-Resistant Travel Backpack Convertible Duffel Bag for Trekking, Hiking with Laptop Compartmet for Men Women	1	UND-UNKNOWN	Y	Rejected	StandardRefund	IN-1450	08-Jun-2023	 	 	 	 	 	 	 	 	gl_luggage
408-4713944-1917968	23-May-2023	01-Jun-2023	Approved	DbcmJFpJRRMA	 	AmazonUnPaidLabel	0.00	 	 	 	Seller	N	N	B097JWGZ7N	LWOB202103	Leather World Vegan Leather Briefcase 15.6 Inch Dark Brown Laptop Expandable Messenger Shoulder Office Bag for Men & Women	1	CR-SWITCHEROO	Y	Amazon CS	StandardRefund	IN-1357	 	 	1	 	 	 	 	 	 	gl_luggage
406-1392124-6096329	19-May-2023	01-Jun-2023	Approved	DNHpJtptRRMA	 	AmazonPrePaidLabel	172.50	INR	ATS	513707444867	Seller	N	N	B084MK46HJ	LWWC16176140	Leather World 6 Slot Vegan Leather Men Watch Box Display Case Organizer Glass Women Jewelry Storage Black	1	CR-ORDERED_WRONG_ITEM	Y	C-Returns	RefundAtFirstScan	IN-1306	07-Jun-2023	599.00	1	 	 	 	 	 	599.00	gl_watch
407-7152159-8320368	28-May-2023	01-Jun-2023	Approved	DXHZJHpvRRMA	 	AmazonPrePaidLabel	92.00	INR	ATS	513707403529	Seller	N	N	B08NYG27PK	PRIME-LWBP20213015	Fly Fashion Grey Crossbody Backpack Daypack One Shoulder Chest Sling Bag for Men and Women	1	CR-SWITCHEROO	Y	C-Returns	RefundAtFirstScan	IN-1430	06-Jun-2023	446.00	1	 	 	 	 	 	446.00	gl_luggage
407-7152159-8320368	28-May-2023	01-Jun-2023	Approved	DVlzJ0pfRRMA	 	AmazonPrePaidLabel	92.00	INR	ATS	513707357983	Seller	N	N	B08NYG27PK	PRIME-LWBP20213015	Fly Fashion Grey Crossbody Backpack Daypack One Shoulder Chest Sling Bag for Men and Women	1	CR-SWITCHEROO	Y	C-Returns	StandardRefund	IN-1430	 	446.00	1	 	 	 	 	 	 	gl_luggage
408-4618621-4545909	28-May-2023	01-Jun-2023	Approved	DDlJJVpsRRMA	 	AmazonPrePaidLabel	460.00	INR	ATS	513707271234	Seller	N	N	B083JDGJ1S	LWHK2020105	Leather World 55 LTR Rucksack Water-Resistant Travel Backpack Bag for Trekking, Hiking with Shoe Compartment for Men Women (Blue)	1	AMZ-PG-APP-TOO-SMALL	Y	C-Returns	RefundAtFirstScan	IN-1445	05-Jun-2023	850.00	1	 	 	 	 	 	850.00	gl_luggage
405-9155078-8768359	24-May-2023	01-Jun-2023	Approved	 	 	AmazonPrePaidLabel	0.00	 	ATS	324202027185	Not Computed	N	N	B097JY8TGT	LWOB202104	Leather World Synthetic Leather Briefcase 15.6 Inch Brown Laptop Expandable Messenger Shoulder Office Bag for Men & Women	1	UND-UNKNOWN	Y	Undelivered	StandardRefund	IN-1366	06-Jun-2023	 	 	 	 	 	 	 	 	gl_luggage
405-4366815-4262719	26-May-2023	01-Jun-2023	Approved	DJCfJDp4RRMA	 	AmazonPrePaidLabel	115.00	INR	ATS	513706866820	Seller	N	N	B0B8SS9F2Y	50LWGW2223	Leather World Formal Casual Tan Color Branded Stylish Genuine Leather Belts For Men (50)	1	CR-QUALITY_UNACCEPTABLE	Y	C-Returns	StandardRefund	IN-1407	 	499.00	1	 	 	 	 	 	 	gl_apparel
